{
  "total_images": 65,
  "total_detections": 86,
  "detections_by_confidence": {
    "high": 51,
    "low": 8,
    "medium": 27
  },
  "processing_times": [
    0.539285208,
    0.037723708,
    0.037115708,
    0.03826775,
    0.038704708,
    0.039581625,
    0.037874666,
    0.039048792,
    0.037879542,
    0.037383083,
    0.038919833,
    0.039523208,
    0.037829167,
    0.03935675,
    0.037863416,
    0.036853,
    0.038086417,
    0.037013125,
    0.037433083,
    0.037724833,
    0.039355167,
    0.037853792,
    0.039367042,
    0.038171542,
    0.039913125,
    0.037292041,
    0.037982166,
    0.038163959,
    0.037796167,
    0.03753175,
    0.038024291,
    0.036422375,
    0.037354625,
    0.038164458,
    0.039235792,
    0.037589584,
    0.038634,
    0.039253125,
    0.040825791,
    0.038309917,
    0.039830667,
    0.037901417,
    0.039244625,
    0.040664875,
    0.038629083,
    0.038984583,
    0.039809667,
    0.0410495,
    0.038123042,
    0.038177625,
    0.039145958,
    0.038782125,
    0.039398916,
    0.039242959,
    0.0382275,
    0.04150925,
    0.039474,
    0.040100834,
    0.037670833,
    0.039655833,
    0.040853209,
    0.040224291,
    0.038269791,
    0.039848042,
    0.037704458
  ],
  "images_with_detections": 65,
  "confidence_scores": [
    0.8847796320915222,
    0.3115013837814331,
    0.8175394535064697,
    0.8752008080482483,
    0.8328567147254944,
    0.8005707263946533,
    0.765124499797821,
    0.871419370174408,
    0.8353719711303711,
    0.7921835780143738,
    0.677458643913269,
    0.5836870074272156,
    0.5412068963050842,
    0.48436954617500305,
    0.4839152991771698,
    0.3565866947174072,
    0.3202502131462097,
    0.9118868112564087,
    0.9072266817092896,
    0.8562980890274048,
    0.89522784948349,
    0.8751985430717468,
    0.8157147169113159,
    0.7997668981552124,
    0.8777960538864136,
    0.6107845902442932,
    0.9028922915458679,
    0.9173711538314819,
    0.8548688888549805,
    0.8329219222068787,
    0.8733797073364258,
    0.8666377663612366,
    0.8578379154205322,
    0.8622697591781616,
    0.9001599550247192,
    0.8253652453422546,
    0.8896921873092651,
    0.7255541682243347,
    0.5774726271629333,
    0.8074645400047302,
    0.9172765016555786,
    0.9034776091575623,
    0.6753733158111572,
    0.8135245442390442,
    0.7989546656608582,
    0.7745906710624695,
    0.8322978615760803,
    0.8397248983383179,
    0.8460032939910889,
    0.7800740599632263,
    0.7295865416526794,
    0.6831380128860474,
    0.907779335975647,
    0.645474374294281,
    0.3103327453136444,
    0.7608720660209656,
    0.9225502014160156,
    0.772208034992218,
    0.5046302676200867,
    0.9225650429725647,
    0.6082205772399902,
    0.7948929071426392,
    0.8555191159248352,
    0.8274123072624207,
    0.8565307855606079,
    0.8923752903938293,
    0.8769233822822571,
    0.6459150314331055,
    0.7973635196685791,
    0.3742322623729706,
    0.8170431852340698,
    0.8055158853530884,
    0.851349949836731,
    0.8717609643936157,
    0.9270919561386108,
    0.4021663963794708,
    0.9401935338973999,
    0.8378946781158447,
    0.6229231953620911,
    0.80345219373703,
    0.7314592003822327,
    0.798570990562439,
    0.5465355515480042,
    0.8381097912788391,
    0.8826375007629395,
    0.8750792145729065
  ],
  "evaluation_date": "2025-06-30T15:49:28.308528",
  "model_path": "/Users/gsknight/Documents/Deer_Cannon_Modular/smart_deer_deterrent/camera_detection/models/best.pt",
  "statistics": {
    "average_processing_time": "0.046s",
    "average_confidence": "0.766",
    "detection_rate": "100.0%",
    "detections_per_image": 1.323076923076923
  }
}